role	sha256	bytes	path
gqa_api	1bb21b4ecde52743be3fb64b1f43c6a68c106b9cb1f8961f0df10bd9677a09e0	6076160	gqa_pair/flash_api_pair.o
base_object	537cc60b4bb64ddbd9f66eaba08cfef473c8247e5f0ac667c9f0c941b0433f24	5594288	csrc/flash_attn/flash_api_sparse.cpp.o
base_object	4de04a84e7b69e10fdada6cdf0efd454c79ee59557260cf9b2c96628efe4551c	7059440	csrc/flash_attn/flash_api_torch_lib.cpp.o
base_object	87cb69fbbf25a7044ebc9dba9a02374a869755ebf2d49d20dd554dca2af72fe7	781144	csrc/flash_attn/src/flash_fwd_fr13_qrow16_hdim256_bf16_sm80.cu.o
base_object	78206d3dc7bc791da1685885e2019424510e0bccd6c848c8ea3476b3c1699279	4588368	csrc/flash_attn/src/flash_fwd_hdim128_bf16_causal_sm80.cu.o
base_object	af744f37ca360bfd3ed8f47c95c323b74076701f49e22bc43e80f0b33aa6d384	7559352	csrc/flash_attn/src/flash_fwd_hdim128_bf16_sm80.cu.o
base_object	be060f4eca2d8730f8918f01b430776038abe9d2a15db88c3d2fc90d1aa42acb	4582328	csrc/flash_attn/src/flash_fwd_hdim128_fp16_causal_sm80.cu.o
base_object	a81ef18caab049ee4330b286b85ca641097fbc512ecab5c53dbd7f49035c05b2	7549336	csrc/flash_attn/src/flash_fwd_hdim128_fp16_sm80.cu.o
base_object	ca0436d8528b65beb686b01bdef280b8254ce7e63d2e5b167111d216021784d2	1911936	csrc/flash_attn/src/flash_fwd_hdim192_bf16_causal_sm80.cu.o
base_object	a4b54086b9d403d4aa59d1f25627b432a215e8d6216440a131a11f64ab8c617f	2815912	csrc/flash_attn/src/flash_fwd_hdim192_bf16_sm80.cu.o
base_object	b53f3e75f11c67df489f611d29b80a01e1a11911c9ff34bb04e7bc463e91aa1a	1910664	csrc/flash_attn/src/flash_fwd_hdim192_fp16_causal_sm80.cu.o
base_object	87c1ee7f50d1e99cb5e76cf538b910268f29874bd8eb5bf0a89e785925650a94	2812168	csrc/flash_attn/src/flash_fwd_hdim192_fp16_sm80.cu.o
base_object	e756d3180047e5261ca9f1928172c97d5e4e8b2a1b0069431a8ae8055f9ad87d	3295576	csrc/flash_attn/src/flash_fwd_hdim256_bf16_causal_sm80.cu.o
base_object	d420a9ed6d9aedeb492827afe73978a596b98670eeae658f7c5324db445f121c	5342776	csrc/flash_attn/src/flash_fwd_hdim256_bf16_sm80.cu.o
base_object	14342173769ac32d2ee5323760468f09bfea26dd014cf8654466b303fc6432fb	3290352	csrc/flash_attn/src/flash_fwd_hdim256_fp16_causal_sm80.cu.o
base_object	54edff94eb6344e691ec42694dcc4cb86ab433c901f0378ff6eca2eddbff3fbd	5334760	csrc/flash_attn/src/flash_fwd_hdim256_fp16_sm80.cu.o
base_object	817234babf35d91b50ffbbdb2b536f9029cf042f234076573d6f64488f0c7e47	3282536	csrc/flash_attn/src/flash_fwd_hdim32_bf16_causal_sm80.cu.o
base_object	e0f49fe9b745cde1acf862cc989e20d1708553a9972fdd82e09e4df2b0510df1	5182400	csrc/flash_attn/src/flash_fwd_hdim32_bf16_sm80.cu.o
base_object	85096bbf2e63d4108de85ac5c12a8f25f1bbf6220c053e2d3223bae375adf674	3279472	csrc/flash_attn/src/flash_fwd_hdim32_fp16_causal_sm80.cu.o
base_object	36475e2d229dcf6f3e5260c2c63cc714c98cf772f058eb30547f1ada244c69ea	5176392	csrc/flash_attn/src/flash_fwd_hdim32_fp16_sm80.cu.o
base_object	f9282f08507816d12637c025466d5bbf387dc3c22149d2ce035d90c26d158127	3918224	csrc/flash_attn/src/flash_fwd_hdim64_bf16_causal_sm80.cu.o
base_object	4e82958345ca20a60847ad0b1cd40e431df77e320c7f7128caadd823f7a97eed	5836864	csrc/flash_attn/src/flash_fwd_hdim64_bf16_sm80.cu.o
base_object	2c9cf92f43136102b4f526e6430c6bc5722bb1bf900b1b9ef7fbdf14269511ac	3913688	csrc/flash_attn/src/flash_fwd_hdim64_fp16_causal_sm80.cu.o
base_object	289dec11198f2b756032d9c45df367e644877b56eebc6d84e489dbb326705168	5830080	csrc/flash_attn/src/flash_fwd_hdim64_fp16_sm80.cu.o
base_object	b62d24062c4fd0c4333056e9047044b1a4ba013c9731c8daac9d420f2a5afed9	4003712	csrc/flash_attn/src/flash_fwd_hdim96_bf16_causal_sm80.cu.o
base_object	dd181ff29515af7f16f530e86d5874bbe27ad803cec0f9fb195e57ac029c85da	4134160	csrc/flash_attn/src/flash_fwd_hdim96_bf16_sm80.cu.o
base_object	7b504880d630cbfc69457bcfcbfc1b4e72bf312c1dffa0a3ab4a0f38db1f4a35	3998560	csrc/flash_attn/src/flash_fwd_hdim96_fp16_causal_sm80.cu.o
base_object	ecb1c301c2052818fd002d5085113ca33543b9eebe267b43004afe9035cfa4e2	4128584	csrc/flash_attn/src/flash_fwd_hdim96_fp16_sm80.cu.o
base_object	b0233c013a2fde7e23c02f366ff911dc63a5c4bd9ca205deb5cfae041493c4d1	1470088	csrc/flash_attn/src/flash_fwd_sparse_hdim128_bf16_causal_sm80.cu.o
base_object	7f15c97beb484e5ca9a6e2d7309b24f26ccd5fb71ce3df70adb2404be4cf89f8	1447648	csrc/flash_attn/src/flash_fwd_sparse_hdim128_bf16_sm80.cu.o
base_object	e051a95db37c91748b334b1a76d6847a10bdcb98230342c653bca76fed42ca1b	1468232	csrc/flash_attn/src/flash_fwd_sparse_hdim128_fp16_causal_sm80.cu.o
base_object	7fe8e0e865aa3db1602cc5a940f550e71c85095ebc9255d908fbac62e0ae8694	1445864	csrc/flash_attn/src/flash_fwd_sparse_hdim128_fp16_sm80.cu.o
base_object	07682b5099b4e70481c0879d2e9a78b286351550140d04ef275676aa30020e2f	9544936	csrc/flash_attn/src/flash_fwd_split_hdim128_bf16_causal_sm80.cu.o
base_object	01f9b7926ed417879693f374b8e60ecbe344869d4f938d0fc48d87df9c2e74ec	6374736	csrc/flash_attn/src/flash_fwd_split_hdim128_bf16_sm80.cu.o
base_object	1617b67e793e84b4b51174df87f0f3bb2f8e4e3688bbc025c9eafd3487ba0f39	9559008	csrc/flash_attn/src/flash_fwd_split_hdim128_fp16_causal_sm80.cu.o
base_object	0365eba2b19003973df3578eca46292f32967ec7a2ef4c91bf513d85f8c22e74	6303832	csrc/flash_attn/src/flash_fwd_split_hdim128_fp16_sm80.cu.o
base_object	d9d9d0ed7e97f321e3b9f37439c6ff9ec629212933032796dfb5d65f7972e770	6708800	csrc/flash_attn/src/flash_fwd_split_hdim192_bf16_causal_sm80.cu.o
base_object	cf1d8f3619ef7deccb255aafd4dd6fedf08828540ac3f4ba4f37bfd0f2674e4a	11459080	csrc/flash_attn/src/flash_fwd_split_hdim192_bf16_sm80.cu.o
base_object	11019d835bf67a3c4e019b2111d9ec9367e6be9fec3302fabd25d1cf2f53c301	6755912	csrc/flash_attn/src/flash_fwd_split_hdim192_fp16_causal_sm80.cu.o
base_object	2d70d3032ee564cde5250ffbfe83de45af65ce25d82c47a9a098467dca6c7982	11321112	csrc/flash_attn/src/flash_fwd_split_hdim192_fp16_sm80.cu.o
base_object	850326088f9ed516b62705f0a7fe849848de8e6e1181594fb05639ed1cb98e8a	7648024	csrc/flash_attn/src/flash_fwd_split_hdim256_bf16_causal_sm80.cu.o
base_object	fc31f75bf88bf318cd9530745734c2f7fee6d755b372fefdcf11d157f014f389	12908672	csrc/flash_attn/src/flash_fwd_split_hdim256_bf16_sm80.cu.o
base_object	12080727ea4df3b26a305f92b2c2f246020c3926176a16fbd00d856795c966ee	7660864	csrc/flash_attn/src/flash_fwd_split_hdim256_fp16_causal_sm80.cu.o
base_object	c7832a2ada2ff748ca0e2e055fa7efa331c6e52972aac7e4ff204659bfda1b4a	12987696	csrc/flash_attn/src/flash_fwd_split_hdim256_fp16_sm80.cu.o
base_object	e0f8cbf42508ce7db658b72ce3e3bdf845f8975a4f2529b21a286cb1e3b988c6	12644824	csrc/flash_attn/src/flash_fwd_split_hdim32_bf16_causal_sm80.cu.o
base_object	9d3339c2bdcf37a51c018659a4555b3c5c518cfeef9f9237301072d378b368f3	7454616	csrc/flash_attn/src/flash_fwd_split_hdim32_bf16_sm80.cu.o
base_object	46ad2a6afc04732dfdd2e2f3801fdaff93e8999602006430eccba389832571ed	12541504	csrc/flash_attn/src/flash_fwd_split_hdim32_fp16_causal_sm80.cu.o
base_object	d753cc417c2fdd025853094800e4f2050af78287ae108a55584b20d27de2fd02	7354568	csrc/flash_attn/src/flash_fwd_split_hdim32_fp16_sm80.cu.o
base_object	f7e75878bb8182a93d83f52436a97d98321eec10bb3ceaa1440e701afb1653c4	5117992	csrc/flash_attn/src/flash_fwd_split_hdim64_bf16_causal_sm80.cu.o
base_object	7c58ab8b8b59f6d02d8ae413a4b3961c5466af175d76cc50f52b37685a788ce2	8319624	csrc/flash_attn/src/flash_fwd_split_hdim64_bf16_sm80.cu.o
base_object	628da23aff5a33852af66363b41cab9c7555b87feb87507b521d60a026e8db9c	5118456	csrc/flash_attn/src/flash_fwd_split_hdim64_fp16_causal_sm80.cu.o
base_object	49e6f87da24dcd7df783cfd623b5187f8c4743bd0668faee465680ab2d95dd6b	8379504	csrc/flash_attn/src/flash_fwd_split_hdim64_fp16_sm80.cu.o
base_object	2a8b518f0ff5de0d368002373556e1afc0225cae0b8e3546883946659c9d63e0	8548920	csrc/flash_attn/src/flash_fwd_split_hdim96_bf16_causal_sm80.cu.o
base_object	8d676c245a0915e0b7a4213431d7f6cf127564422fe1eb9defbd5367188bbcb7	14002968	csrc/flash_attn/src/flash_fwd_split_hdim96_bf16_sm80.cu.o
base_object	64caf95747d94ef5b8cdeca4143fa56928cf0dcc076f5189ef22a1ee934b3aff	8481384	csrc/flash_attn/src/flash_fwd_split_hdim96_fp16_causal_sm80.cu.o
base_object	25bb9e3624a79083e1442dea8c317057d7f2c442c3a02ad6750c033bcb633ca7	13997768	csrc/flash_attn/src/flash_fwd_split_hdim96_fp16_sm80.cu.o
qrow32_object	4f5ff36c26ae9148e9900bc175566caa9ef15cdc167c15cdf257ef5577d7f906	734736	qrow32_b4.guarded.gcc11.pinnedabi.sm121a.o
adapter_object	ecac1739b707a9640b4cb33cb4660a3b51f5287f0ef7f631ab7afc20fd46f6e4	4416	fr13_fa2_qrow32_b4_launcher_adapter.gcc11.o
