scope	file	sha256
repository	scripts/fr13_patch_fa2_tree_bias.py	44f6ceeb9ae6c571c7d4fbbaa89f956ef3d0abd68bd7def04646aaeb16a074ec
repository	scripts/fr13_build_fa2_qrow16_sm121a.py	02c783c8b4497f77a8110a947b2c371d52629b06d2445eff2268387bddc8000c
repository	tests/test_fr13_fa2_tree_kernel_candidates.py	77702c3ec7b39d4cf6a46dd860d6b667e929873b92d393641bc315ed98820e68
external_generated	flash_fwd_fr13_qrow16_hdim256_bf16_sm80.cu	92a05f9296e4f677d424ed785aa86e3b3831ceea86b16700e63702d125df75b3
external_generated	flash_fwd_kernel.h	cd594d9a99b5408ea5ebf542a9d7636311b7360c802ffbfc81f01e521d8ffa98
external_generated	flash_fwd_split_hdim256_bf16_sm80.cu	53ac045b6b8a960a3134b4538cbde7cdca07fd8e454a39348a7b3da91f4207e0
external_generated	flash_api.cpp	e62bdccf75c96dcc4445ff3213927b28e0da82b78e68ecee1720b072b534097a
external_binary_not_committed	qrow16_incumbent_sm121a.o	6d4178e1fd2394a364dc38bcbda650430a30f0fc0dfb297502c6dcbaec9d6305
external_binary_not_committed	qrow16_static_strides_sm121a_v3.o	e3983e244ee03c5595b5412bce7b9060239a5ddce06a2581f0fdd7ea4a3e4cda
external_disassembly_not_committed	qrow16_incumbent_sm121a.sass	9e243b294f2579a435961ce566a5bb84a4c2ed45bcc70620d479c0a36b87405e
external_disassembly_not_committed	qrow16_static_strides_sm121a_v3.sass	1ed3d6bfc235e0577f290ebf4ed86b6501a8ca9c7d65b24b137e20ec276c22da
