variant	file	sha256
repository	scripts/fr13_patch_fa2_tree_bias.py	39138d4a409073be52340ac7b5f4dffe9bd1048a1996e1d6ca6a32e8d36534ae
repository	scripts/fr13_build_fa2_qrow16_sm121a.py	6c7983ee0f927ba52e37224bccbfa7642893e7ba2ad7b9d51e310027d42043a5
repository	tests/test_fr13_fa2_tree_kernel_candidates.py	e5df4c0e5e81bbf07058ed901f1e8e90611ff8c1cc3e936ba61c3f2a67cc27a7
generated	flash_fwd_kernel.h	117624c740d7a4180dc274cfd6725f91b0baf9db601e4870dd6b627ab5d94cb9
generated	utils.h	871358d77129a6b17787895c438a16938b83ca275e22c6fdfbc4b8d9e7ebd227
generated	flash_fwd_fr13_qrow16_hdim256_bf16_sm80.cu	06d13fdbe57e11ebc0dd6c53cd8475150f65c0e9a70926d654dc60bcb07a865b
external	qrow16_static_paged_ru3_r216_sm121a_v2.o	67a47c406cda887b8bd1686095315431a447a3dd6db0db62ab32fc6a1ec6a452
external	qrow16_static_paged_ru3_r216_sm121a_v2.1.sm_121a.cubin	1b80aaafb69d0caf730c14de373a15df377b8341ab1e21166350361ea593e2cd
external	qrow16_static_paged_ru3_r216_sm121a.sass	351234296985a77c98d707c54a30be65c89c5303329d411a2fdaebfca4d498d2
