logical_path	physical_path	bytes	sha256
CMakeFiles/_C_stable_libtorch.dir/csrc/libtorch_stable/torch_bindings.cpp.o	/home/mark/fr13_sfwd_fulltile_build/vllm-build/CMakeFiles/_C_stable_libtorch.dir/csrc/libtorch_stable/torch_bindings.cpp.o	2875928	ecb8e4359a2eeed038abff6d5976ba1feecbf861f8339b0f8f50038908250f48
CMakeFiles/_C_stable_libtorch.dir/csrc/cutlass_extensions/common.cpp.o	/home/mark/fr13_sfwd_fulltile_build/vllm-build/CMakeFiles/_C_stable_libtorch.dir/csrc/cutlass_extensions/common.cpp.o	46720	fe52ad101ba165c34cd0a7cd0e8d78cae8b9cdac873e196ad7a0ed08dedf69ee
CMakeFiles/_C_stable_libtorch.dir/csrc/cuda_utils_kernels.cu.o	/home/mark/fr13_sfwd_fulltile_build/vllm-build/CMakeFiles/_C_stable_libtorch.dir/csrc/cuda_utils_kernels.cu.o	55752	bf366ed3a9958bcc6fb2d38f4b46fc61e5ceb3098768021184b7b511820d4f33
CMakeFiles/_C_stable_libtorch.dir/csrc/libtorch_stable/quantization/w8a8/cutlass/scaled_mm_entry.cu.o	/home/mark/fr13_sfwd_fulltile_build/vllm-build/CMakeFiles/_C_stable_libtorch.dir/csrc/libtorch_stable/quantization/w8a8/cutlass/scaled_mm_entry.cu.o	517800	1e1eb48884d70e9a7d4510069f677f42db4cb06684ece2ec85ad759353b121bc
CMakeFiles/_C_stable_libtorch.dir/csrc/libtorch_stable/quantization/fp4/nvfp4_quant_entry.cu.o	/home/mark/fr13_sfwd_fulltile_build/vllm-build/CMakeFiles/_C_stable_libtorch.dir/csrc/libtorch_stable/quantization/fp4/nvfp4_quant_entry.cu.o	716824	346a7791b53b3ea1fd2c7c527a6d17234d294885c271ba47d8fbe7e4f5d01b00
CMakeFiles/_C_stable_libtorch.dir/csrc/libtorch_stable/quantization/fp4/nvfp4_scaled_mm_entry.cu.o	/home/mark/fr13_sfwd_fulltile_build/vllm-build/CMakeFiles/_C_stable_libtorch.dir/csrc/libtorch_stable/quantization/fp4/nvfp4_scaled_mm_entry.cu.o	362800	4f4edd56dea744091be1ae5301caa7a0947b6f5a1f204ffefc7ffc64030f92b8
CMakeFiles/_C_stable_libtorch.dir/csrc/libtorch_stable/permute_cols.cu.o	/home/mark/fr13_sfwd_fulltile_build/vllm-build/CMakeFiles/_C_stable_libtorch.dir/csrc/libtorch_stable/permute_cols.cu.o	598552	ecd660ee9fad0086d2f7e1cddfa4feca7b37f550f67e2530f4e2d701c934512d
CMakeFiles/_C_stable_libtorch.dir/csrc/libtorch_stable/quantization/w8a8/fp8/per_token_group_quant.cu.o	/home/mark/fr13_sfwd_fulltile_build/vllm-build/CMakeFiles/_C_stable_libtorch.dir/csrc/libtorch_stable/quantization/w8a8/fp8/per_token_group_quant.cu.o	1074472	3dd6e5c9e8fa5d17872bfd1886214afa8935b035fa00ad64f5965fb05b24e520
CMakeFiles/_C_stable_libtorch.dir/csrc/libtorch_stable/quantization/w8a8/int8/per_token_group_quant.cu.o	/home/mark/fr13_sfwd_fulltile_build/vllm-build/CMakeFiles/_C_stable_libtorch.dir/csrc/libtorch_stable/quantization/w8a8/int8/per_token_group_quant.cu.o	272024	8d4f07b75fbb7209bd088c2ae1e6f08d66e7229ae75ee0b571990bfbd19969f6
CMakeFiles/_C_stable_libtorch.dir/csrc/libtorch_stable/quantization/w8a8/cutlass/scaled_mm_c3x_sm120.cu.o	/home/mark/fr13_sfwd_fulltile_build/vllm-build/CMakeFiles/_C_stable_libtorch.dir/csrc/libtorch_stable/quantization/w8a8/cutlass/scaled_mm_c3x_sm120.cu.o	447272	90bd5aab553480d661da4fbf3f86fd67f3efc06124a2baff1aab2636709d8f69
CMakeFiles/_C_stable_libtorch.dir/csrc/libtorch_stable/quantization/w8a8/cutlass/c3x/scaled_mm_sm120_fp8.cu.o	/home/mark/fr13_sfwd_fulltile_build/vllm-build/CMakeFiles/_C_stable_libtorch.dir/csrc/libtorch_stable/quantization/w8a8/cutlass/c3x/scaled_mm_sm120_fp8.cu.o	14495920	6a0e1ebf862f21f91c2571314d8e6643c88a9754a07f34d7909b68eeb761f0b3
CMakeFiles/_C_stable_libtorch.dir/csrc/libtorch_stable/quantization/w8a8/cutlass/c3x/scaled_mm_blockwise_sm120_fp8.cu.o	/home/mark/fr13_sfwd_directgrid_build/CMakeFiles/_C_stable_libtorch.dir/csrc/libtorch_stable/quantization/w8a8/cutlass/c3x/scaled_mm_blockwise_sm120_fp8.cu.o	25510456	072196534ea8e1d5e4aae24e7a8f1b0732ab3aea86260e9d8edc5bcc4596acc6
CMakeFiles/_C_stable_libtorch.dir/csrc/libtorch_stable/quantization/w8a8/cutlass/scaled_mm_c2x.cu.o	/home/mark/fr13_sfwd_fulltile_build/vllm-build/CMakeFiles/_C_stable_libtorch.dir/csrc/libtorch_stable/quantization/w8a8/cutlass/scaled_mm_c2x.cu.o	105920968	dd7f06d0fdbeb33a3caf45b2d311edb6e43e1ef45e689e2b8c831d0a86a12dfc
CMakeFiles/_C_stable_libtorch.dir/csrc/libtorch_stable/quantization/w8a8/cutlass/moe/moe_data.cu.o	/home/mark/fr13_sfwd_fulltile_build/vllm-build/CMakeFiles/_C_stable_libtorch.dir/csrc/libtorch_stable/quantization/w8a8/cutlass/moe/moe_data.cu.o	852448	cbae0b3dba43f6fbd2ea89d29fb11a0f90feb129a3c2eaae0376fbb2b63d4cdb
CMakeFiles/_C_stable_libtorch.dir/csrc/libtorch_stable/quantization/fp4/nvfp4_quant_kernels.cu.o	/home/mark/fr13_sfwd_fulltile_build/vllm-build/CMakeFiles/_C_stable_libtorch.dir/csrc/libtorch_stable/quantization/fp4/nvfp4_quant_kernels.cu.o	507136	c4ceea4d90f88120a2d7c0c575d2c44fd5ae06809e6465a59c3b7098e305aa1d
CMakeFiles/_C_stable_libtorch.dir/csrc/libtorch_stable/quantization/fp4/activation_nvfp4_quant_fusion_kernels.cu.o	/home/mark/fr13_sfwd_fulltile_build/vllm-build/CMakeFiles/_C_stable_libtorch.dir/csrc/libtorch_stable/quantization/fp4/activation_nvfp4_quant_fusion_kernels.cu.o	471464	58a84ff67650d0e69322105fc561b4d56d0a8a417145f694045abe80c161ef24
CMakeFiles/_C_stable_libtorch.dir/csrc/libtorch_stable/quantization/fp4/nvfp4_experts_quant.cu.o	/home/mark/fr13_sfwd_fulltile_build/vllm-build/CMakeFiles/_C_stable_libtorch.dir/csrc/libtorch_stable/quantization/fp4/nvfp4_experts_quant.cu.o	899640	e4472eca845686fc34c3a513dbc81b6dbfd0091d47f752285ef9ef0bacfa3a9a
CMakeFiles/_C_stable_libtorch.dir/csrc/libtorch_stable/quantization/fp4/nvfp4_scaled_mm_sm120_kernels.cu.o	/home/mark/fr13_sfwd_fulltile_build/vllm-build/CMakeFiles/_C_stable_libtorch.dir/csrc/libtorch_stable/quantization/fp4/nvfp4_scaled_mm_sm120_kernels.cu.o	14031456	e6edb8cd77a286d3613de833a3d1349fe26c2457e613c2f5a15d34e077bbeefb
CMakeFiles/_C_stable_libtorch.dir/csrc/libtorch_stable/quantization/fp4/nvfp4_blockwise_moe_kernel.cu.o	/home/mark/fr13_sfwd_fulltile_build/vllm-build/CMakeFiles/_C_stable_libtorch.dir/csrc/libtorch_stable/quantization/fp4/nvfp4_blockwise_moe_kernel.cu.o	8294504	ed95283de8dded3af4f610b15943c32dd3540d22ab143b8a07f1fdd1ee36e1cc
