sha256	relative_path
3cf17407654833666b3be9f7e807f299779ef5f4492bf844d0da180409f2f5f6	include/cutlass/gemm/kernel/static_tile_scheduler.hpp
0ed331127afe83d20ec23b1a92e160f7388bb3727c77f05e496cc72371c664fd	include/cutlass/gemm/kernel/sm100_static_tile_scheduler.hpp
80763f7057adcd5f513411daa6a8b3c3d4aa18a56925da58800b4c71a8457c33	include/cutlass/gemm/kernel/sm100_gemm_tma_warpspecialized.hpp
6bc1b7415e6618eb9ec63bc3e23c7f0cc58b2e4a83aa904d156a4a9bb111aaf3	include/cutlass/epilogue/collective/collective_builder.hpp
e16baf9c1050c3afcc3aeef49ea8b34524830c6429a87c7554331c3dcf03757c	include/cutlass/epilogue/collective/builders/sm120_builder.inl
477e6fa4c6d92c6e0b88db04ad8c4a25295a7eb2cccfda0f0f09807018d6eebb	include/cutlass/epilogue/collective/sm90_epilogue_tma_warpspecialized.hpp
a6588b02a95ddb635a50c891d8606485ad6a093807b95d402d73b3ea11615d20	include/cutlass/epilogue/fusion/callbacks.hpp
391005459951b1bb1e3b5962c77d0a4cfb725c435b8961393218280f229423de	include/cutlass/epilogue/fusion/sm90_visitor_tma_warpspecialized.hpp
11b5b5ca82e1154030dbe004c52d5b5970f33e1086c88e7f6ac871622006481c	include/cutlass/epilogue/fusion/sm90_visitor_load_tma_warpspecialized.hpp
8d196a22c027cce7f6fca142ce85889bd08a992f890ce8f21298a44fd1dfb5d0	include/cutlass/epilogue/fusion/sm90_visitor_compute_tma_warpspecialized.hpp
fa6842d0d8665811b940e8cdaeadd9c480654e9f1e6368ece60a1658ff458546	include/cute/container/tuple.hpp
