contract	count	sha256	reference_candidate_exact
qrow16_host_non_section_symbol_signature	112	85dbd3232a325a9858d2dc722a3bf935f627a326946f0bcfe2c1a869a3177509	true
ordered_dynamic_symbol_signature	856	ab94f4f43b3038945aa24a7163daac5931042816d625cbacc38f8e0fb33468a8	true
defined_dynamic_symbols	687	-	true
undefined_dynamic_symbols	169	-	true
dt_needed	10	-	true
loader_strings_with_runpath	11	5415094c712163209ba010965eb7c85d6fe5af4dcfa12a3f92e56be8d1b3258c	true
gnu_hash_section	5352	2f3ee0fbf4ceea7c80af06e4fd815e5269c74295be92f16dfc90c76d2a0a0941	true
gnu_version_section	1712	efa5f1d578a2c354c0af679148335641ba4d8e55ffe57dd2e3c4412dab453d65	true
gnu_version_requirements_section	240	3ec58b443728b0e3f9125cee8c61cd6d35abb9fee69055c998779701c68e854c	true
qrow16_device_entry	1	-	true
combine_device_entry	0	-	true

