component	sha256
scripts/fr13_patch_fa2_tree_bias.py	05362e88a5a40eb1ee905adc530558a45eea8f62d0d5b9657050716ff81071a1
scripts/fr13_fa2_qrow16_fatbin_graft.py	47fb87de52d4d14b37ff12c4083b7e4aef3e127b28457171a5e71e7511ab7e7a
scripts/fr13_fa2_qrow16_so_finalize.py	e3293c140a0744953c4b653c59da206e2ff431a450db75ba52176bad6c440045
scripts/fr13_run_b1_k64_qrow16_divfree_live_gate.sh	15b62f425f98749b596d2a6f9e4533f044044191d50b13f34aef9e2edf13f179
scripts/fr13_fixed32_contract.py	518fc60301c2249842894118dd07a64840590bb146604a73efda0f8eb59d2f31
scripts/fr13_launch_forked_fa2_tree_server.sh	29672a25515d4b25b15b17b1b45fd29ea75e3c8e679579d9207314b6532142cb
scripts/fr13_qrow16_pass_sidecar.py	2fb6d43f06922b16420cd50bd19b94861f4c145d362b9e80bdb91b5a7ecf4864
tests/test_fr13_fa2_tree_kernel_candidates.py	910d5939e9d895d51f5fd986b66acb39bb9a6e7891b1aff0871ed2e02a147de7
tests/test_fr13_fixed32_fa2_identity.py	79e0181ea5ca5a6207c689df2ae825e49973b26fac0aca2073f1eff1e9eb9a52
generated/utils.h	871358d77129a6b17787895c438a16938b83ca275e22c6fdfbc4b8d9e7ebd227
generated/flash_fwd_kernel.h	60e1fe483c4d019dd6b2cf00148b08a40b00ea0b7cb26c4619c1fb86fd9923af
generated/flash_fwd_fr13_qrow16_hdim256_bf16_sm80.cu	0e1e7b534a4a33d1e3d30f6c7fe4432d7de206c08cbff48c396760e44f5704d2

